name,category,service_kind,profession_type,address,suburb,state,postcode,latitude,longitude,phone,website,source,description,highlighted
24-7Medcare Psychology,Assessment,Medical/Psych,Psychologist,"Ground Floor,737 Burwood Road, Hawthorn, VIC, 3122",Hawthorn,VIC,3122,-37.8238804,145.0488157,To be added,To be added,Healthdirect NHSD Services Directory 2025,Assessment support identified from Healthdirect NHSD Services Directory 2025.,No
AMS Psychology and Consulting Cragieburn,Assessment,Medical/Psych,Psychologist,"Level 1,31 Craigieburn Road, Craigieburn, VIC, 3064",Craigieburn,VIC,3064,-37.5990452,144.939224,To be added,To be added,Healthdirect NHSD Services Directory 2025,Assessment support identified from Healthdirect NHSD Services Directory 2025.,No
Adelaide Road Psychology,Assessment,Medical/Psych,Psychologist,"76 Adelaide Road, Gawler South, SA, 5118",Gawler South,SA,5118,-34.61116028,138.74368286,To be added,To be added,Healthdirect NHSD Services Directory 2025,Assessment support identified from Healthdirect NHSD Services Directory 2025.,No
Balanced Minds Psychology Practice,Assessment,Medical/Psych,Psychologist,"The Italian Forum,SUITE 47A,23 NORTON STREET, Leichhardt, NSW, 2040",Leichhardt,NSW,2040,-33.887211,151.1583777,To be added,To be added,Healthdirect NHSD Services Directory 2025,Assessment support identified from Healthdirect NHSD Services Directory 2025.,No
Bluebird Psychology,Assessment,Medical/Psych,Psychologist,"Unit 18,15-17 Terminus Street, Castle Hill, NSW, 2154",Castle Hill,NSW,2154,-33.73423767,151.00598145,To be added,To be added,Healthdirect NHSD Services Directory 2025,Assessment support identified from Healthdirect NHSD Services Directory 2025.,No
Central Psychology - Macedon Street Consulting Rooms,Assessment,Medical/Psych,Psychologist,"9 MacEdon Street, Sunbury, VIC, 3429",Sunbury,VIC,3429,-37.57733917,144.73275757,To be added,To be added,Healthdirect NHSD Services Directory 2025,Assessment support identified from Healthdirect NHSD Services Directory 2025.,No
Child and Adolescent Psychology Services,Assessment,Medical/Psych,Psychologist,"164 THE PARADE, Ascot Vale, VIC, 3032",Ascot Vale,VIC,3032,-37.77180225,144.90969008,To be added,To be added,Healthdirect NHSD Services Directory 2025,Assessment support identified from Healthdirect NHSD Services Directory 2025.,No
Clear Health Psychology Alkimos,Assessment,Medical/Psych,Psychologist,"Unit 1 & 2,15 Graceful Boulevard, Alkimos, WA, 6038",Alkimos,WA,6038,-31.6171563,115.6805868,To be added,To be added,Healthdirect NHSD Services Directory 2025,Assessment support identified from Healthdirect NHSD Services Directory 2025.,No
Cocoon Psychology,Assessment,Medical/Psych,Psychologist,"Level 2,8 KEILOR ROAD, Essendon North, VIC, 3041",Essendon North,VIC,3041,-37.74394247,144.90915579,To be added,To be added,Healthdirect NHSD Services Directory 2025,Assessment support identified from Healthdirect NHSD Services Directory 2025.,No
Cognition Psychology,Assessment,Medical/Psych,Psychologist,"55 Painswick Street, Berserker, QLD, 4701",Berserker,QLD,4701,-23.36768913,150.52250671,To be added,To be added,Healthdirect NHSD Services Directory 2025,Assessment support identified from Healthdirect NHSD Services Directory 2025.,No
"Connell, Dr Tim - Psychologist",Assessment,Medical/Psych,Psychologist,"99 Hall Street, Semaphore, SA, 5019",Semaphore,SA,5019,-34.8371582,138.48803711,To be added,To be added,Healthdirect NHSD Services Directory 2025,Assessment support identified from Healthdirect NHSD Services Directory 2025.,No
Coralie Crews Psychologist and Expressive Arts Therapist,Assessment,Medical/Psych,Psychologist,"136 Dunlin Drive, Burleigh Waters, QLD, 4220",Burleigh Waters,QLD,4220,-28.093889,153.435187,To be added,To be added,Healthdirect NHSD Services Directory 2025,Assessment support identified from Healthdirect NHSD Services Directory 2025.,No
Core Psychology,Assessment,Medical/Psych,Psychologist,"Shop1,261-263 Victoria Road, Gladesville, NSW, 2111",Gladesville,NSW,2111,-33.8302971,151.1247733,To be added,To be added,Healthdirect NHSD Services Directory 2025,Assessment support identified from Healthdirect NHSD Services Directory 2025.,No
Danswan Psychology,Assessment,Medical/Psych,Psychologist,"272 Church Street, Richmond, VIC, 3121",Richmond,VIC,3121,-37.81946564,144.99873352,To be added,To be added,Healthdirect NHSD Services Directory 2025,Assessment support identified from Healthdirect NHSD Services Directory 2025.,No
Diana Whale - Psychologist,Assessment,Medical/Psych,Psychologist,"C5 Level 1,2 MAIN STREET, Point Cook, VIC, 3030",Point Cook,VIC,3030,-37.88413047,144.73662096,To be added,To be added,Healthdirect NHSD Services Directory 2025,Assessment support identified from Healthdirect NHSD Services Directory 2025.,No
Dr Ian D Rawlinson - Paediatrician,Assessment,Medical/Psych,Paediatrician,"North Park Consulting Suites,Level 1,Corner Plenty and Greenhills Road, Bundoora, VIC, 3083",Bundoora,VIC,3083,-37.69200134,145.06271362,To be added,To be added,Healthdirect NHSD Services Directory 2025,Assessment support identified from Healthdirect NHSD Services Directory 2025.,No
Dr James J Guinan - Clinical Psychologist,Assessment,Medical/Psych,Psychologist,"350 Jerusalem Road, Stewarts River, NSW, 2443",Stewarts River,NSW,2443,-31.70318222,152.62712097,To be added,To be added,Healthdirect NHSD Services Directory 2025,Assessment support identified from Healthdirect NHSD Services Directory 2025.,No
Dr Lionel Lubitz - Paediatrician,Assessment,Medical/Psych,Paediatrician,"Royal Childrens Hospital (Reception H),Level 2 Suite 6,Flemington Road, Parkville, VIC, 3052",Parkville,VIC,3052,-37.79364395,144.94776917,To be added,To be added,Healthdirect NHSD Services Directory 2025,Assessment support identified from Healthdirect NHSD Services Directory 2025.,No
Dr Robert Woodfield - Psychologist,Assessment,Medical/Psych,Psychologist,"Norwest Private Hospital,Suite 110,9 Norbrik Drive, Bella Vista, NSW, 2153",Bella Vista,NSW,2153,-33.74521637,150.95401001,To be added,To be added,Healthdirect NHSD Services Directory 2025,Assessment support identified from Healthdirect NHSD Services Directory 2025.,No
Dr Sarah Crome Psychologist - Woodend,Assessment,Medical/Psych,Psychologist,"155 Drummond Street, Carlton, VIC, 3053",Carlton,VIC,3053,-37.80271912,144.96783447,To be added,To be added,Healthdirect NHSD Services Directory 2025,Assessment support identified from Healthdirect NHSD Services Directory 2025.,No
Effie Ioannou Psychologist,Assessment,Medical/Psych,Psychologist,"Confidential Address, Armadale, VIC, 3143",Armadale,VIC,3143,-37.854829,145.014347,To be added,To be added,Healthdirect NHSD Services Directory 2025,Assessment support identified from Healthdirect NHSD Services Directory 2025.,No
Family Circle Psychology,Assessment,Medical/Psych,Psychologist,"Lot 5,Town Common Road, Goondiwindi, QLD, 4390",Goondiwindi,QLD,4390,-28.52441216,150.27027893,To be added,To be added,Healthdirect NHSD Services Directory 2025,Assessment support identified from Healthdirect NHSD Services Directory 2025.,No
Gippsland Psychology,Assessment,Medical/Psych,Psychologist,"Gippsland Consulting Suites,1 Inglis Street, Sale, VIC, 3850",Sale,VIC,3850,-38.10780716,147.08233643,To be added,To be added,Healthdirect NHSD Services Directory 2025,Assessment support identified from Healthdirect NHSD Services Directory 2025.,No
Great Psychology,Assessment,Medical/Psych,Psychologist,"Level 1,9 George Street, North Strathfield, NSW, 2137",North Strathfield,NSW,2137,-33.8622925,151.086094,To be added,To be added,Healthdirect NHSD Services Directory 2025,Assessment support identified from Healthdirect NHSD Services Directory 2025.,No
Headsup Psychology,Assessment,Medical/Psych,Psychologist,"Shop 1,2 Holt Street, Stanmore, NSW, 2048",Stanmore,NSW,2048,-33.89500046,151.1640625,To be added,To be added,Healthdirect NHSD Services Directory 2025,Assessment support identified from Healthdirect NHSD Services Directory 2025.,No
Healing Links Psychology,Assessment,Medical/Psych,Psychologist,"38 Waterloo, Lesmurdie, WA, 6076",Lesmurdie,WA,6076,-31.99719,116.04291,To be added,To be added,Healthdirect NHSD Services Directory 2025,Assessment support identified from Healthdirect NHSD Services Directory 2025.,No
Helena Phillips - Psychologist,Assessment,Medical/Psych,Psychologist,"Confidential Address, Moe, VIC, 3825",Moe,VIC,3825,-38.17821884,146.25416565,To be added,To be added,Healthdirect NHSD Services Directory 2025,Assessment support identified from Healthdirect NHSD Services Directory 2025.,No
Hornsby Counselling & Psychology,Assessment,Medical/Psych,Psychologist,"Level 6 Suite 607,90 George Street, Hornsby, NSW, 2077",Hornsby,NSW,2077,-33.70174026,151.10006714,To be added,To be added,Healthdirect NHSD Services Directory 2025,Assessment support identified from Healthdirect NHSD Services Directory 2025.,No
Immersive Psychology Group,Assessment,Medical/Psych,Psychologist,"41 YORK STREET, Subiaco, WA, 6008",Subiaco,WA,6008,-31.94654888,115.8343389,To be added,To be added,Healthdirect NHSD Services Directory 2025,Assessment support identified from Healthdirect NHSD Services Directory 2025.,No
In-School Psychology Pty Ltd,Assessment,Medical/Psych,Psychologist,"65 Edward Street, Norwood, SA, 5067",Norwood,SA,5067,-34.9221611,138.63404846,To be added,To be added,Healthdirect NHSD Services Directory 2025,Assessment support identified from Healthdirect NHSD Services Directory 2025.,No
Inner Melbourne Clinical Psychology - Kensington,Assessment,Medical/Psych,Psychologist,"29 Lambeth Street, Kensington, VIC, 3031",Kensington,VIC,3031,-37.789864,144.934482,To be added,To be added,Healthdirect NHSD Services Directory 2025,Assessment support identified from Healthdirect NHSD Services Directory 2025.,No
Inner Melbourne Clinical Psychology - Melbourne,Assessment,Medical/Psych,Psychologist,"Level 1,423 LITTLE COLLINS STREET, Melbourne, VIC, 3000",Melbourne,VIC,3000,-37.81622935,144.96063771,To be added,To be added,Healthdirect NHSD Services Directory 2025,Assessment support identified from Healthdirect NHSD Services Directory 2025.,No
Insight Educational and Developmental Psychology,Assessment,Medical/Psych,Psychologist,"The Coast House,Unit 1,298 Queen Street, Campbelltown, NSW, 2560",Campbelltown,NSW,2560,-34.0698567,150.8094851,To be added,To be added,Healthdirect NHSD Services Directory 2025,Assessment support identified from Healthdirect NHSD Services Directory 2025.,No
Integrate Psychology,Assessment,Medical/Psych,Psychologist,"5 GREENHILL ROAD, Wayville, SA, 5034",Wayville,SA,5034,-34.94253494,138.58458451,To be added,To be added,Healthdirect NHSD Services Directory 2025,Assessment support identified from Healthdirect NHSD Services Directory 2025.,No
Jacqueline Adler - Psychology/Psychotherapy Child and Adult,Assessment,Medical/Psych,Psychologist,"265 Dandenong Road, Prahran, VIC, 3181",Prahran,VIC,3181,-37.85874176,145.00276184,To be added,To be added,Healthdirect NHSD Services Directory 2025,Assessment support identified from Healthdirect NHSD Services Directory 2025.,No
Jayson Rom - Psychologist,Assessment,Medical/Psych,Psychologist,"Suite 208,370 St Kilda Road, Melbourne, VIC, 3004",Melbourne,VIC,3004,-37.83197403,144.97061157,To be added,To be added,Healthdirect NHSD Services Directory 2025,Assessment support identified from Healthdirect NHSD Services Directory 2025.,No
Jennifer Fahey - Psychologist,Assessment,Medical/Psych,Psychologist,"155 Drummond Street, Carlton, VIC, 3053",Carlton,VIC,3053,-37.80273056,144.96775818,To be added,To be added,Healthdirect NHSD Services Directory 2025,Assessment support identified from Healthdirect NHSD Services Directory 2025.,No
"Judy Whittle - Psychologist, Child Psychotherapist",Assessment,Medical/Psych,Psychologist,"17 GRATTAN STREET, Carlton, VIC, 3053",Carlton,VIC,3053,-37.80129222,144.96898409,To be added,To be added,Healthdirect NHSD Services Directory 2025,Assessment support identified from Healthdirect NHSD Services Directory 2025.,No
KDM Psychology,Assessment,Medical/Psych,Psychologist,"23 Liverpool Street, Fitzroy North, VIC, 3068",Fitzroy North,VIC,3068,-37.78108978,144.9793396,To be added,To be added,Healthdirect NHSD Services Directory 2025,Assessment support identified from Healthdirect NHSD Services Directory 2025.,No
Kaye Nelson Clinical Psychologist,Assessment,Medical/Psych,Psychologist,"72 Terry Street, Rozelle, NSW, 2039",Rozelle,NSW,2039,-33.85987473,151.17085266,To be added,To be added,Healthdirect NHSD Services Directory 2025,Assessment support identified from Healthdirect NHSD Services Directory 2025.,No
"Kemp, Jane - Psychologist",Assessment,Medical/Psych,Psychologist,"104 Rose Terrace, Wayville, SA, 5034",Wayville,SA,5034,-34.94286346,138.58792114,To be added,To be added,Healthdirect NHSD Services Directory 2025,Assessment support identified from Healthdirect NHSD Services Directory 2025.,No
Le Roux Psychology Services,Assessment,Medical/Psych,Psychologist,"8 George Street, Goondiwindi, QLD, 4390",Goondiwindi,QLD,4390,-28.5428772,150.30253601,To be added,To be added,Healthdirect NHSD Services Directory 2025,Assessment support identified from Healthdirect NHSD Services Directory 2025.,No
Lifeworks Psychology Australia,Assessment,Medical/Psych,Psychologist,"4/316 Onslow Road, Shenton Park, WA, 6008",Shenton Park,WA,6008,-31.96068001,115.82103729,To be added,To be added,Healthdirect NHSD Services Directory 2025,Assessment support identified from Healthdirect NHSD Services Directory 2025.,No
Linda Clifton - Psychology,Assessment,Medical/Psych,Psychologist,"Confidential Address, Malvern, VIC, 3144",Malvern,VIC,3144,-37.85728073,145.03450012,To be added,To be added,Healthdirect NHSD Services Directory 2025,Assessment support identified from Healthdirect NHSD Services Directory 2025.,No
Lisa Henry - Clinical Psychologist,Assessment,Medical/Psych,Psychologist,"Church Street Consulting Suites,Suite 21,140 Church Street, Richmond, VIC, 3121",Richmond,VIC,3121,-37.81509781,144.99890137,To be added,To be added,Healthdirect NHSD Services Directory 2025,Assessment support identified from Healthdirect NHSD Services Directory 2025.,No
Lucie Frankham Psychology,Assessment,Medical/Psych,Psychologist,"11A Hawken Street, Newtown, NSW, 2042",Newtown,NSW,2042,-33.9052124,151.17547607,To be added,To be added,Healthdirect NHSD Services Directory 2025,Assessment support identified from Healthdirect NHSD Services Directory 2025.,No
MARIE-LOUISE CRASKE CLINICAL PSYCHOLOGIST,Assessment,Medical/Psych,Psychologist,"Bay Physio,7 Beach Road, Sandy Bay, TAS, 7005",Sandy Bay,TAS,7005,-42.9123678,147.35585442,To be added,To be added,Healthdirect NHSD Services Directory 2025,Assessment support identified from Healthdirect NHSD Services Directory 2025.,No
Maggie Orum - Counselling & Clinical Psychologist,Assessment,Medical/Psych,Psychologist,"Unit 6,275 Marmion Street, Melville, WA, 6156",Melville,WA,6156,-32.04716492,115.79459381,To be added,To be added,Healthdirect NHSD Services Directory 2025,Assessment support identified from Healthdirect NHSD Services Directory 2025.,No
Margaret McDonald Clinical Psychologist,Assessment,Medical/Psych,Psychologist,"4 Glengellan Street, Zillmere, QLD, 4034",Zillmere,QLD,4034,-27.36429024,153.02722168,To be added,To be added,Healthdirect NHSD Services Directory 2025,Assessment support identified from Healthdirect NHSD Services Directory 2025.,No
Mind Zone Psychology (ME),Assessment,Medical/Psych,Psychologist,"103 Orchid Street, Enoggera, QLD, 4051",Enoggera,QLD,4051,-27.41509819,152.99279785,To be added,To be added,Healthdirect NHSD Services Directory 2025,Assessment support identified from Healthdirect NHSD Services Directory 2025.,No
MindTreat Psychology,Assessment,Medical/Psych,Psychologist,"12 RINGAROOMA DRIVE, Truganina, VIC, 3029",Truganina,VIC,3029,-37.82423659,144.70906507,To be added,To be added,Healthdirect NHSD Services Directory 2025,Assessment support identified from Healthdirect NHSD Services Directory 2025.,No
Morrison House Psychology Clinic,Assessment,Medical/Psych,Psychologist,"93 Morrison Road, Midland, WA, 6056",Midland,WA,6056,-31.88576889,116.00874329,To be added,To be added,Healthdirect NHSD Services Directory 2025,Assessment support identified from Healthdirect NHSD Services Directory 2025.,No
Mr Harry Constantinou - Psychologist,Assessment,Medical/Psych,Psychologist,"302 Albert Road, South Melbourne, VIC, 3205",South Melbourne,VIC,3205,-37.83887482,144.9629364,To be added,To be added,Healthdirect NHSD Services Directory 2025,Assessment support identified from Healthdirect NHSD Services Directory 2025.,No
Neil Blick Psychologist,Assessment,Medical/Psych,Psychologist,"21 Lyons Street N, Ballarat Central, VIC, 3350",Ballarat Central,VIC,3350,-37.5596351,143.85153518,To be added,To be added,Healthdirect NHSD Services Directory 2025,Assessment support identified from Healthdirect NHSD Services Directory 2025.,No
Nicki Gazis - Clinical Psychologist,Assessment,Medical/Psych,Psychologist,"7 RIVERSIDE QUAY, Southbank, VIC, 3006",Southbank,VIC,3006,-37.82168938,144.96448778,To be added,To be added,Healthdirect NHSD Services Directory 2025,Assessment support identified from Healthdirect NHSD Services Directory 2025.,No
Optimise Psychology,Assessment,Medical/Psych,Psychologist,"Level 9,85 Queen Street, Melbourne, VIC, 3000",Melbourne,VIC,3000,-37.8164978,144.96101379,To be added,To be added,Healthdirect NHSD Services Directory 2025,Assessment support identified from Healthdirect NHSD Services Directory 2025.,No
Ordinary People Psychology,Assessment,Medical/Psych,Psychologist,"22 Orphelia Street, Ferntree Gully, VIC, 3156",Ferntree Gully,VIC,3156,-37.880375,145.262174,To be added,To be added,Healthdirect NHSD Services Directory 2025,Assessment support identified from Healthdirect NHSD Services Directory 2025.,No
Phillips Clinical Psychology,Assessment,Medical/Psych,Psychologist,"Suite 14,296 Marrickville Road, Marrickville, NSW, 2204",Marrickville,NSW,2204,-33.91053391,151.15592957,To be added,To be added,Healthdirect NHSD Services Directory 2025,Assessment support identified from Healthdirect NHSD Services Directory 2025.,No
Purposeful Psychology,Assessment,Medical/Psych,Psychologist,"Suite 4, Level 1,685 Pittwater Road, Dee Why, NSW, 2099",Dee Why,NSW,2099,-33.7532354,151.2832269,To be added,To be added,Healthdirect NHSD Services Directory 2025,Assessment support identified from Healthdirect NHSD Services Directory 2025.,No
Quality Psychology - Hillside,Assessment,Medical/Psych,Psychologist,"Parkwood Green Medical,Suite 4,1-5 Kate Way, Hillside, VIC, 3037",Hillside,VIC,3037,-37.69300461,144.74449158,To be added,To be added,Healthdirect NHSD Services Directory 2025,Assessment support identified from Healthdirect NHSD Services Directory 2025.,No
Renee Melges - Serenity Holistic Psychology,Assessment,Medical/Psych,Psychologist,"Suite 2,174 High Street, Ashburton, VIC, 3147",Ashburton,VIC,3147,-37.86343384,145.07792664,To be added,To be added,Healthdirect NHSD Services Directory 2025,Assessment support identified from Healthdirect NHSD Services Directory 2025.,No
Shelley Rogers - Psychologist Psychology,Assessment,Medical/Psych,Psychologist,"Ground Floor Suite 1,185 Port Road, Hindmarsh, SA, 5007",Hindmarsh,SA,5007,-34.91147614,138.57249451,To be added,To be added,Healthdirect NHSD Services Directory 2025,Assessment support identified from Healthdirect NHSD Services Directory 2025.,No
Sue Barnard Psychology,Assessment,Medical/Psych,Psychologist,"127 Link Rd, Victoria Point, QLD, 4165",Victoria Point,QLD,4165,-27.585558,153.294644,To be added,To be added,Healthdirect NHSD Services Directory 2025,Assessment support identified from Healthdirect NHSD Services Directory 2025.,No
Suzie Freeman Psychologist,Assessment,Medical/Psych,Psychologist,"16 Trevor Street, Lilyfield, NSW, 2040",Lilyfield,NSW,2040,-33.87314987,151.16285706,To be added,To be added,Healthdirect NHSD Services Directory 2025,Assessment support identified from Healthdirect NHSD Services Directory 2025.,No
The Rosy Room Psychology Practice,Assessment,Medical/Psych,Psychologist,"1/3,COMMERCIAL DRIVE, Springfield, QLD, 4300",Springfield,QLD,4300,-27.65472988,152.91863182,To be added,To be added,Healthdirect NHSD Services Directory 2025,Assessment support identified from Healthdirect NHSD Services Directory 2025.,No
Alison Clarke - Speech Pathologist,Intervention,Education,Speech Pathologist,"Suite 3,430 Rae Street, Fitzroy North, VIC, 3068",Fitzroy North,VIC,3068,-37.782115,144.980557,To be added,To be added,Healthdirect NHSD Services Directory 2025,Intervention support identified from Healthdirect NHSD Services Directory 2025.,No
All Occupational Therapy and Rehabilitation - Sydney Office,Intervention,Education,Occupational Therapist,"Shop 3,5 Veno Street, Heathcote, NSW, 2233",Heathcote,NSW,2233,-34.0859935,151.0063336,To be added,To be added,Healthdirect NHSD Services Directory 2025,Intervention support identified from Healthdirect NHSD Services Directory 2025.,No
Aramac Primary Health Centre - Occupational Therapy Clinic,Intervention,Education,Occupational Therapist,"Aramac Hospital,2 Lodge Street, Aramac, QLD, 4726",Aramac,QLD,4726,-22.96672249,145.24467468,To be added,To be added,Healthdirect NHSD Services Directory 2025,Intervention support identified from Healthdirect NHSD Services Directory 2025.,No
Augathella Hospital - Speech Pathology Clinic,Intervention,Education,Speech Pathologist,"20 Cavanagh Street, Augathella, QLD, 4477",Augathella,QLD,4477,-25.79488754,146.5909729,To be added,To be added,Healthdirect NHSD Services Directory 2025,Intervention support identified from Healthdirect NHSD Services Directory 2025.,No
Barcaldine Hospital and Multipurpose Health Service - Occupational Therapy Clinic,Intervention,Education,Occupational Therapist,"Oak Street, Barcaldine, QLD, 4725",Barcaldine,QLD,4725,-23.55335999,145.3026886,To be added,To be added,Healthdirect NHSD Services Directory 2025,Intervention support identified from Healthdirect NHSD Services Directory 2025.,No
Barcaldine Hospital and Multipurpose Health Service - Speech Pathology / Therapy Clinic,Intervention,Education,Speech Pathologist,"Oak Street, Barcaldine, QLD, 4725",Barcaldine,QLD,4725,-23.55335999,145.3026886,To be added,To be added,Healthdirect NHSD Services Directory 2025,Intervention support identified from Healthdirect NHSD Services Directory 2025.,No
Beecroft Speech Pathology,Intervention,Education,Speech Pathologist,"21 Grace Avenue, Beecroft, NSW, 2119",Beecroft,NSW,2119,-33.74789429,151.05126953,To be added,To be added,Healthdirect NHSD Services Directory 2025,Intervention support identified from Healthdirect NHSD Services Directory 2025.,No
Benchmark Occupational Therapy,Intervention,Education,Occupational Therapist,"32 DELHI ROAD, Macquarie Park, NSW, 2113",Macquarie Park,NSW,2113,-33.79483425,151.1427108,To be added,To be added,Healthdirect NHSD Services Directory 2025,Intervention support identified from Healthdirect NHSD Services Directory 2025.,No
Birdsville Primary Health Centre - Occupational Therapy Clinic,Intervention,Education,Occupational Therapist,"29 Burt Street, Birdsville, QLD, 4482",Birdsville,QLD,4482,-25.90103531,139.34921265,To be added,To be added,Healthdirect NHSD Services Directory 2025,Intervention support identified from Healthdirect NHSD Services Directory 2025.,No
Brisbane Waters Speech Pathology,Intervention,Education,Speech Pathologist,"Suite 7a,188 The Entrance Road, Erina, NSW, 2250",Erina,NSW,2250,-33.43602371,151.38575745,To be added,To be added,Healthdirect NHSD Services Directory 2025,Intervention support identified from Healthdirect NHSD Services Directory 2025.,No
Building Blocks Speech Pathology,Intervention,Education,Speech Pathologist,"5 Brunker Road, Broadmeadow, NSW, 2292",Broadmeadow,NSW,2292,-32.92562866,151.73654175,To be added,To be added,Healthdirect NHSD Services Directory 2025,Intervention support identified from Healthdirect NHSD Services Directory 2025.,No
Burketown Health Centre - Speech Pathology Outreach Service,Intervention,Education,Speech Pathologist,"Hospital Road, Burketown, QLD, 4830",Burketown,QLD,4830,-17.74072647,139.54808044,To be added,To be added,Healthdirect NHSD Services Directory 2025,Intervention support identified from Healthdirect NHSD Services Directory 2025.,No
Cairns Hospital- Speech Pathology Department,Intervention,Education,Speech Pathologist,"Cairns Hospital,165-171 Esplanade, Cairns North, QLD, 4870",Cairns North,QLD,4870,-16.91242436,145.76836471,To be added,To be added,Healthdirect NHSD Services Directory 2025,Intervention support identified from Healthdirect NHSD Services Directory 2025.,No
Canterbury Hospital Allied Health Occupational Therapy,Intervention,Education,Occupational Therapist,"575 Canterbury Road, Campsie, NSW, 2194",Campsie,NSW,2194,-33.92037582,151.09887695,To be added,To be added,Healthdirect NHSD Services Directory 2025,Intervention support identified from Healthdirect NHSD Services Directory 2025.,No
Canterbury Hospital Allied Health Speech Pathology,Intervention,Education,Speech Pathologist,"575 Canterbury Road, Campsie, NSW, 2194",Campsie,NSW,2194,-33.92037582,151.09887695,To be added,To be added,Healthdirect NHSD Services Directory 2025,Intervention support identified from Healthdirect NHSD Services Directory 2025.,No
Caulfield Speech And Language Clinic,Intervention,Education,Speech Pathologist,"Suite 1,242 Hawthorn Road, Caulfield North, VIC, 3161",Caulfield North,VIC,3161,-37.87974167,145.02301025,To be added,To be added,Healthdirect NHSD Services Directory 2025,Intervention support identified from Healthdirect NHSD Services Directory 2025.,No
Chat Well Speech Pathology,Intervention,Education,Speech Pathologist,"Shop 1,6-12 CAPITAL STREET, Mawson Lakes, SA, 5095",Mawson Lakes,SA,5095,-34.80559587,138.61561915,To be added,To be added,Healthdirect NHSD Services Directory 2025,Intervention support identified from Healthdirect NHSD Services Directory 2025.,No
Cherie McLean Speech Pathologist,Intervention,Education,Speech Pathologist,"27 Jenkens Street, Frankston North, VIC, 3200",Frankston North,VIC,3200,-38.12595367,145.15586853,To be added,To be added,Healthdirect NHSD Services Directory 2025,Intervention support identified from Healthdirect NHSD Services Directory 2025.,No
Christine Lewis Speech Pathologist,Intervention,Education,Speech Pathologist,"37 Southee Road, Hobartville, NSW, 2753",Hobartville,NSW,2753,-33.60539627,150.73770142,To be added,To be added,Healthdirect NHSD Services Directory 2025,Intervention support identified from Healthdirect NHSD Services Directory 2025.,No
Constance Howse Counselling and Occupational Therapy Services,Intervention,Education,Occupational Therapist,"Confidential Address, Fitzroy North, VIC, 3068",Fitzroy North,VIC,3068,-37.7837944,144.98397827,To be added,To be added,Healthdirect NHSD Services Directory 2025,Intervention support identified from Healthdirect NHSD Services Directory 2025.,No
Cootamundra Health Service Occupational Therapy Service,Intervention,Education,Occupational Therapist,"120 Mackay Street, Cootamundra, NSW, 2590",Cootamundra,NSW,2590,-34.63528061,148.01394653,To be added,To be added,Healthdirect NHSD Services Directory 2025,Intervention support identified from Healthdirect NHSD Services Directory 2025.,No
Culcairn Community Health Service Speech Pathology Service,Intervention,Education,Speech Pathologist,"Culcairn District Hospital,55 Balfour Street, Culcairn, NSW, 2660",Culcairn,NSW,2660,-35.66738129,147.04216003,To be added,To be added,Healthdirect NHSD Services Directory 2025,Intervention support identified from Healthdirect NHSD Services Directory 2025.,No
Cunnamulla Hospital - Speech Pathology Clinic,Intervention,Education,Speech Pathologist,"56 Wicks Street, Cunnamulla, QLD, 4490",Cunnamulla,QLD,4490,-28.07187653,145.69059753,To be added,To be added,Healthdirect NHSD Services Directory 2025,Intervention support identified from Healthdirect NHSD Services Directory 2025.,No
Dajarra - Outreach Occupational Therapy,Intervention,Education,Occupational Therapist,"12 Matheson Street, Dajarra, QLD, 4825",Dajarra,QLD,4825,-21.69449043,139.51451111,To be added,To be added,Healthdirect NHSD Services Directory 2025,Intervention support identified from Healthdirect NHSD Services Directory 2025.,No
Dajarra - Outreach Speech Pathology Services,Intervention,Education,Speech Pathologist,"12 Matheson Street, Dajarra, QLD, 4825",Dajarra,QLD,4825,-21.69449043,139.51451111,To be added,To be added,Healthdirect NHSD Services Directory 2025,Intervention support identified from Healthdirect NHSD Services Directory 2025.,No
Deniliquin Community Health Service Occupational Therapy Service,Intervention,Education,Occupational Therapist,"Staff Quarters,411 Charlotte Street, Deniliquin, NSW, 2710",Deniliquin,NSW,2710,-35.52443695,144.96298218,To be added,To be added,Healthdirect NHSD Services Directory 2025,Intervention support identified from Healthdirect NHSD Services Directory 2025.,No
Deniliquin Community Health Service Speech Pathology Service,Intervention,Education,Speech Pathologist,"Staff Quarters,411 Charlotte Street, Deniliquin, NSW, 2710",Deniliquin,NSW,2710,-35.52443695,144.96298218,To be added,To be added,Healthdirect NHSD Services Directory 2025,Intervention support identified from Healthdirect NHSD Services Directory 2025.,No
Dirranbandi Hospital - Speech Pathology Clinic,Intervention,Education,Speech Pathologist,"Corner Jane and Crothers Street, Dirranbandi, QLD, 4486",Dirranbandi,QLD,4486,-28.58052063,148.22900391,To be added,To be added,Healthdirect NHSD Services Directory 2025,Intervention support identified from Healthdirect NHSD Services Directory 2025.,No
Doomadgee Hospital - Outreach Speech Pathology,Intervention,Education,Speech Pathologist,"19 Sharpe Street, Doomadgee, QLD, 4830",Doomadgee,QLD,4830,-17.9425354,138.82714844,To be added,To be added,Healthdirect NHSD Services Directory 2025,Intervention support identified from Healthdirect NHSD Services Directory 2025.,No
Finley Community Health Service Occupational Therapy Service,Intervention,Education,Occupational Therapist,"Finley Hospital,24 Dawe Avenue, Finley, NSW, 2713",Finley,NSW,2713,-35.64175034,145.56813049,To be added,To be added,Healthdirect NHSD Services Directory 2025,Intervention support identified from Healthdirect NHSD Services Directory 2025.,No
Finley Community Health Service Speech Pathology Service,Intervention,Education,Speech Pathologist,"Finley Hospital,24 Dawe Avenue, Finley, NSW, 2713",Finley,NSW,2713,-35.64175034,145.56813049,To be added,To be added,Healthdirect NHSD Services Directory 2025,Intervention support identified from Healthdirect NHSD Services Directory 2025.,No
Healthone Corowa Occupational Therapy Service,Intervention,Education,Occupational Therapist,"Corowa District Hospital,53 81 Guy Street, Corowa, NSW, 2646",Corowa,NSW,2646,-35.9929924,146.38304138,To be added,To be added,Healthdirect NHSD Services Directory 2025,Intervention support identified from Healthdirect NHSD Services Directory 2025.,No
Hermon Speech Pathology,Intervention,Education,Speech Pathologist,"Confidential Address, Padbury, WA, 6025",Padbury,WA,6025,-31.8108902,115.76921844,To be added,To be added,Healthdirect NHSD Services Directory 2025,Intervention support identified from Healthdirect NHSD Services Directory 2025.,No
Hillston Community Health Service Speech Pathology Service,Intervention,Education,Speech Pathologist,"48C Burns Street, Hillston, NSW, 2675",Hillston,NSW,2675,-33.4791069,145.53855896,To be added,To be added,Healthdirect NHSD Services Directory 2025,Intervention support identified from Healthdirect NHSD Services Directory 2025.,No
Holistic Speech Pathology,Intervention,Education,Speech Pathologist,"366A High Street, Fremantle, WA, 6160",Fremantle,WA,6160,-32.05008316,115.77565765,To be added,To be added,Healthdirect NHSD Services Directory 2025,Intervention support identified from Healthdirect NHSD Services Directory 2025.,No
Inner West Speech Pathology,Intervention,Education,Speech Pathologist,"71 Clarence Street, Belfield, NSW, 2191",Belfield,NSW,2191,-33.9053688,151.08631897,To be added,To be added,Healthdirect NHSD Services Directory 2025,Intervention support identified from Healthdirect NHSD Services Directory 2025.,No
Isisford PHC - Occupational Therapy,Intervention,Education,Occupational Therapist,"St Helena Street, Isisford, QLD, 4731",Isisford,QLD,4731,-24.26159668,144.44033813,To be added,To be added,Healthdirect NHSD Services Directory 2025,Intervention support identified from Healthdirect NHSD Services Directory 2025.,No
Isisford PHC - Speech Pathology / Therapy,Intervention,Education,Speech Pathologist,"St Helena Street, Isisford, QLD, 4731",Isisford,QLD,4731,-24.26159668,144.44033813,To be added,To be added,Healthdirect NHSD Services Directory 2025,Intervention support identified from Healthdirect NHSD Services Directory 2025.,No
Jane Le Blanc Speech Pathology,Intervention,Education,Speech Pathologist,"11 KIDMAN STREET, Yarraville, VIC, 3013",Yarraville,VIC,3013,-37.81288143,144.86773217,To be added,To be added,Healthdirect NHSD Services Directory 2025,Intervention support identified from Healthdirect NHSD Services Directory 2025.,No
Jiang Tan Speech Pathologist,Intervention,Education,Speech Pathologist,"Unit 4,3 Mary Street, North Melbourne, VIC, 3051",North Melbourne,VIC,3051,-37.79973221,144.95219421,To be added,To be added,Healthdirect NHSD Services Directory 2025,Intervention support identified from Healthdirect NHSD Services Directory 2025.,No
John Saunders Speech Pathologist,Intervention,Education,Speech Pathologist,"Unit 2 ,554A HIGH STREET, Prahran, VIC, 3181",Prahran,VIC,3181,-37.85392728,145.00671063,To be added,To be added,Healthdirect NHSD Services Directory 2025,Intervention support identified from Healthdirect NHSD Services Directory 2025.,No
Johnstone Speech Pathology,Intervention,Education,Speech Pathologist,"1341 DANDENONG ROAD, Malvern East, VIC, 3145",Malvern East,VIC,3145,-37.88641324,145.08242865,To be added,To be added,Healthdirect NHSD Services Directory 2025,Intervention support identified from Healthdirect NHSD Services Directory 2025.,No
Karumba - Speech Pathology,Intervention,Education,Speech Pathologist,"156 164 Walker Street, Karumba, QLD, 4891",Karumba,QLD,4891,-17.48610115,140.84281921,To be added,To be added,Healthdirect NHSD Services Directory 2025,Intervention support identified from Healthdirect NHSD Services Directory 2025.,No
Kids Space Occupational Therapy,Intervention,Education,Occupational Therapist,"Confidential Address, Scullin, ACT, 2614",Scullin,ACT,2614,-35.23472214,149.03833008,To be added,To be added,Healthdirect NHSD Services Directory 2025,Intervention support identified from Healthdirect NHSD Services Directory 2025.,No
Leeton Community Health Service Speech Pathology Service,Intervention,Education,Speech Pathologist,"Leeton District Hospital,114 124 Wade Avenue, Leeton, NSW, 2705",Leeton,NSW,2705,-34.54970551,146.40763855,To be added,To be added,Healthdirect NHSD Services Directory 2025,Intervention support identified from Healthdirect NHSD Services Directory 2025.,No
Lockhart Community Health Service Speech Pathology Service,Intervention,Education,Speech Pathologist,"Lockhart And District Hospital,55A Hebden Street, Lockhart, NSW, 2656",Lockhart,NSW,2656,-35.22240829,146.71961975,To be added,To be added,Healthdirect NHSD Services Directory 2025,Intervention support identified from Healthdirect NHSD Services Directory 2025.,No
Melissa Bailey Speech Pathology,Intervention,Education,Speech Pathologist,"Confidential Address, Merewether, NSW, 2291",Merewether,NSW,2291,-32.94277954,151.75250244,To be added,To be added,Healthdirect NHSD Services Directory 2025,Intervention support identified from Healthdirect NHSD Services Directory 2025.,No
Mercy Care Young Health Service Occupational Therapy Clinic,Intervention,Education,Occupational Therapist,"Mercy Care Centre,69 Demondrille Street, Young, NSW, 2594",Young,NSW,2594,-34.32119751,148.2888031,To be added,To be added,Healthdirect NHSD Services Directory 2025,Intervention support identified from Healthdirect NHSD Services Directory 2025.,No
Mercy Care Young Health Service Speech Pathology Service,Intervention,Education,Speech Pathologist,"Mercy Care Centre,69 Demondrille Street, Young, NSW, 2594",Young,NSW,2594,-34.32119751,148.2888031,To be added,To be added,Healthdirect NHSD Services Directory 2025,Intervention support identified from Healthdirect NHSD Services Directory 2025.,No
Mercy Health Service Albury Occupational Therapy Service,Intervention,Education,Occupational Therapist,"Mercy Hospital,550 Poole Street, Albury, NSW, 2640",Albury,NSW,2640,-36.06928253,146.91662598,To be added,To be added,Healthdirect NHSD Services Directory 2025,Intervention support identified from Healthdirect NHSD Services Directory 2025.,No
Mercy Health Service Albury Speech Pathology Service,Intervention,Education,Speech Pathologist,"Mercy Hospital,550 Poole Street, Albury, NSW, 2640",Albury,NSW,2640,-36.06928253,146.91662598,To be added,To be added,Healthdirect NHSD Services Directory 2025,Intervention support identified from Healthdirect NHSD Services Directory 2025.,No
Mitchell Hospital - Speech Pathology Clinic,Intervention,Education,Speech Pathologist,"Mitchell Hospital,95 Ann Street, Mitchell, QLD, 4465",Mitchell,QLD,4465,-26.49039459,147.97218323,To be added,To be added,Healthdirect NHSD Services Directory 2025,Intervention support identified from Healthdirect NHSD Services Directory 2025.,No
Monto Health Service - Occupational Therapy,Intervention,Education,Occupational Therapist,"35 Flinders Street, Monto, QLD, 4630",Monto,QLD,4630,-24.86628151,151.11273193,To be added,To be added,Healthdirect NHSD Services Directory 2025,Intervention support identified from Healthdirect NHSD Services Directory 2025.,No
Morven Community Clinic - Occupational Therapy Clinic,Intervention,Education,Occupational Therapist,"Warrego Highway, Morven, QLD, 4468",Morven,QLD,4468,-26.4074192,147.13844299,To be added,To be added,Healthdirect NHSD Services Directory 2025,Intervention support identified from Healthdirect NHSD Services Directory 2025.,No
Morven Community Clinic - Speech Pathology Clinic,Intervention,Education,Speech Pathologist,"Warrego Highway, Morven, QLD, 4468",Morven,QLD,4468,-26.4074192,147.13844299,To be added,To be added,Healthdirect NHSD Services Directory 2025,Intervention support identified from Healthdirect NHSD Services Directory 2025.,No
Mrs Rhonwen Benn - Occupational Therapist,Intervention,Education,Occupational Therapist,"Confidential Address, Ferntree Gully, VIC, 3156",Ferntree Gully,VIC,3156,-37.88357544,145.29545593,To be added,To be added,Healthdirect NHSD Services Directory 2025,Intervention support identified from Healthdirect NHSD Services Directory 2025.,No
Muttaburra Primary Health Centre - Occupational Therapy,Intervention,Education,Occupational Therapist,"Edkins Street, Muttaburra, QLD, 4732",Muttaburra,QLD,4732,-22.59567642,144.5458374,To be added,To be added,Healthdirect NHSD Services Directory 2025,Intervention support identified from Healthdirect NHSD Services Directory 2025.,No
Muttaburra Primary Health Centre - Speech Pathology / Therapy,Intervention,Education,Speech Pathologist,"Edkins Street, Muttaburra, QLD, 4732",Muttaburra,QLD,4732,-22.59567642,144.5458374,To be added,To be added,Healthdirect NHSD Services Directory 2025,Intervention support identified from Healthdirect NHSD Services Directory 2025.,No
Narrandera Community Health Service Occupational Therapy Service,Intervention,Education,Occupational Therapist,"Narrandera Hospital,54 64 Adams Street, Narrandera, NSW, 2700",Narrandera,NSW,2700,-34.74315262,146.54737854,To be added,To be added,Healthdirect NHSD Services Directory 2025,Intervention support identified from Healthdirect NHSD Services Directory 2025.,No
Occupational Therapy Mackay,Intervention,Education,Occupational Therapist,"37 BRISBANE STREET, Mackay, QLD, 4740",Mackay,QLD,4740,-21.1447693,149.18829181,To be added,To be added,Healthdirect NHSD Services Directory 2025,Intervention support identified from Healthdirect NHSD Services Directory 2025.,No
"Padhye, Vik - Occupational Therapist",Intervention,Education,Occupational Therapist,"35 Hackney Road, Hackney, SA, 5069",Hackney,SA,5069,-34.91692352,138.61491394,To be added,To be added,Healthdirect NHSD Services Directory 2025,Intervention support identified from Healthdirect NHSD Services Directory 2025.,No
Point Cook Speech Pathology,Intervention,Education,Speech Pathologist,"Confidential Address, Point Cook, VIC, 3030",Point Cook,VIC,3030,-37.90934753,144.75138855,To be added,To be added,Healthdirect NHSD Services Directory 2025,Intervention support identified from Healthdirect NHSD Services Directory 2025.,No
Quilpie Hospital - Speech Pathology Clinic,Intervention,Education,Speech Pathologist,"Hospital,30 Gyrica Street, Quilpie, QLD, 4480",Quilpie,QLD,4480,-26.61819267,144.27270508,To be added,To be added,Healthdirect NHSD Services Directory 2025,Intervention support identified from Healthdirect NHSD Services Directory 2025.,No
Rpa - Speech Pathology Unit,Intervention,Education,Speech Pathologist,"Missenden Road, Camperdown, NSW, 2050",Camperdown,NSW,2050,-33.88840103,151.18130493,To be added,To be added,Healthdirect NHSD Services Directory 2025,Intervention support identified from Healthdirect NHSD Services Directory 2025.,No
Sally-Ann E. Gordon Speech Pathologist,Intervention,Education,Speech Pathologist,"18 Rawson Penfold Drive, Rosslyn Park, SA, 5072",Rosslyn Park,SA,5072,-34.91970825,138.68041992,To be added,To be added,Healthdirect NHSD Services Directory 2025,Intervention support identified from Healthdirect NHSD Services Directory 2025.,No
Samantha Malpass Speech Pathologist,Intervention,Education,Speech Pathologist,"11 Iron Way, West Wodonga, VIC, 3690",West Wodonga,VIC,3690,-36.11825943,146.84675598,To be added,To be added,Healthdirect NHSD Services Directory 2025,Intervention support identified from Healthdirect NHSD Services Directory 2025.,No
Sandra Kevill Occupational Therapist,Intervention,Education,Occupational Therapist,"53 Avon Terrace, York, WA, 6302",York,WA,6302,-31.8943882,116.76816559,To be added,To be added,Healthdirect NHSD Services Directory 2025,Intervention support identified from Healthdirect NHSD Services Directory 2025.,No
Sophia Tsobanis - Speech Pathologist,Intervention,Education,Speech Pathologist,"Confidential Address, Sunshine West, VIC, 3020",Sunshine West,VIC,3020,-37.79465103,144.80769348,To be added,To be added,Healthdirect NHSD Services Directory 2025,Intervention support identified from Healthdirect NHSD Services Directory 2025.,No
Susan Tsang Speech Pathology,Intervention,Education,Speech Pathologist,"86 Oxford Street, Epping, NSW, 2121",Epping,NSW,2121,-33.76654816,151.08665466,To be added,To be added,Healthdirect NHSD Services Directory 2025,Intervention support identified from Healthdirect NHSD Services Directory 2025.,No
Tambo Primary Health Centre - Occupational Therapy,Intervention,Education,Occupational Therapist,"Hospital & Residence,8 Garden Street, Tambo, QLD, 4478",Tambo,QLD,4478,-24.88169479,146.24879456,To be added,To be added,Healthdirect NHSD Services Directory 2025,Intervention support identified from Healthdirect NHSD Services Directory 2025.,No
Tammy Phelps - Speech Pathology,Intervention,Education,Speech Pathologist,"The Rupsey Centre,38 Blake Street, Nathalia, VIC, 3638",Nathalia,VIC,3638,-36.05866623,145.20323181,To be added,To be added,Healthdirect NHSD Services Directory 2025,Intervention support identified from Healthdirect NHSD Services Directory 2025.,No
Thargomindah Community Clinic - Speech Pathology Clinic,Intervention,Education,Speech Pathologist,"88 Dowling Street, Thargomindah, QLD, 4492",Thargomindah,QLD,4492,-27.99536705,143.81658936,To be added,To be added,Healthdirect NHSD Services Directory 2025,Intervention support identified from Healthdirect NHSD Services Directory 2025.,No
To The Point Speech Pathology,Intervention,Education,Speech Pathologist,"39 George Crescent, Sandy Point, NSW, 2172",Sandy Point,NSW,2172,-33.97497177,150.99403381,To be added,To be added,Healthdirect NHSD Services Directory 2025,Intervention support identified from Healthdirect NHSD Services Directory 2025.,No
Townsville Speech Pathology Service,Intervention,Education,Speech Pathologist,"Suite 5,42 Ross River Road, Mundingburra, QLD, 4812",Mundingburra,QLD,4812,-19.29418373,146.79211426,To be added,To be added,Healthdirect NHSD Services Directory 2025,Intervention support identified from Healthdirect NHSD Services Directory 2025.,No
Tumut Community Health Service Speech Pathology Service,Intervention,Education,Speech Pathologist,"105 107 Simpson Street, Tumut, NSW, 2720",Tumut,NSW,2720,-35.30631638,148.21942139,To be added,To be added,Healthdirect NHSD Services Directory 2025,Intervention support identified from Healthdirect NHSD Services Directory 2025.,No
Tumut Health Service Occupational Therapy Service,Intervention,Education,Occupational Therapist,"105 107 Simpson Street, Tumut, NSW, 2720",Tumut,NSW,2720,-35.30631638,148.21942139,To be added,To be added,Healthdirect NHSD Services Directory 2025,Intervention support identified from Healthdirect NHSD Services Directory 2025.,No
Wagga Wagga Community Health Service Speech Pathology A & EC Service,Intervention,Education,Speech Pathologist,"Wagga Wagga Base Hospital,260 Edward Street, Wagga Wagga, NSW, 2650",Wagga Wagga,NSW,2650,-35.11856079,147.35699463,To be added,To be added,Healthdirect NHSD Services Directory 2025,Intervention support identified from Healthdirect NHSD Services Directory 2025.,No
Wagga Wagga Community Health Service Speech Pathology Service,Intervention,Education,Speech Pathologist,"Wagga Wagga Base Hospital,260 Edward Street, Wagga Wagga, NSW, 2650",Wagga Wagga,NSW,2650,-35.11856079,147.35699463,To be added,To be added,Healthdirect NHSD Services Directory 2025,Intervention support identified from Healthdirect NHSD Services Directory 2025.,No
Warnbro Sound Speech Pathology,Intervention,Education,Speech Pathologist,"Confidential Address, Warnbro, WA, 6169",Warnbro,WA,6169,-32.32688522,115.7587204,To be added,To be added,Healthdirect NHSD Services Directory 2025,Intervention support identified from Healthdirect NHSD Services Directory 2025.,No
Windorah Primary Health Centre - Occupational Therapy Clinic,Intervention,Education,Occupational Therapist,"15 Victoria Street, Windorah, QLD, 4481",Windorah,QLD,4481,-25.42034531,142.65472412,To be added,To be added,Healthdirect NHSD Services Directory 2025,Intervention support identified from Healthdirect NHSD Services Directory 2025.,No
Windorah Primary Health Centre - Speech Pathology Clinic,Intervention,Education,Speech Pathologist,"15 Victoria Street, Windorah, QLD, 4481",Windorah,QLD,4481,-25.42034531,142.65472412,To be added,To be added,Healthdirect NHSD Services Directory 2025,Intervention support identified from Healthdirect NHSD Services Directory 2025.,No
Wyalong Health Service Occupational Therapy Service,Intervention,Education,Occupational Therapist,"Wyalong Hospital,70 Ungarie Road, West Wyalong, NSW, 2671",West Wyalong,NSW,2671,-33.91643906,147.19682312,To be added,To be added,Healthdirect NHSD Services Directory 2025,Intervention support identified from Healthdirect NHSD Services Directory 2025.,No
Young Health Service Speech Pathology Clinic,Intervention,Education,Speech Pathologist,"Young District Hospital,68 Allanan Street, Young, NSW, 2594",Young,NSW,2594,-34.32058716,148.28811646,To be added,To be added,Healthdirect NHSD Services Directory 2025,Intervention support identified from Healthdirect NHSD Services Directory 2025.,No
Auspeld,Support Groups,Community,Dyslexia Support Organisation,"Po Box 409, South Perth, WA, 6951",South Perth,WA,6951,-31.9809661,115.8639433,To be added,https://www.auspeld.org.au,ACNC Registered Charities extract (data.gov.au),Community support organisation identified from the ACNC charity register extract.,Yes
Australian Dyslexia Foundation,Support Groups,Community,Dyslexia Support Organisation,To be added,To be added,To be added,To be added,To be added,To be added,To be added,To be added,ACNC Registered Charities extract (data.gov.au),Community support organisation identified from the ACNC charity register extract.,No
Code Read Dyslexia Network Australia Limited,Support Groups,Community,Dyslexia Support Organisation,"Po Box 366, Rockingham, WA, 6968",Rockingham,WA,6968,-32.3350126,115.8059955,To be added,https://codereadnetwork.org,ACNC Registered Charities extract (data.gov.au),Community support organisation identified from the ACNC charity register extract.,No
Learning Difficulties Australia Inc,Support Groups,Community,Learning Difficulties Association,"PO Box 76, Mount Waverley, VIC, 3149",Mount Waverley,VIC,3149,-37.8752637,145.1281258,To be added,https://www.ldaustralia.org,ACNC Registered Charities extract (data.gov.au),Community support organisation identified from the ACNC charity register extract.,No
Learning Difficulties Coalition Of New South Wales Inc,Support Groups,Community,Learning Difficulties Association,"Unit 21/7 Anella Avenue, Castle Hill, NSW, 2154",Castle Hill,NSW,2154,-33.7317524,151.0069279,To be added,https://www.ldc.org.au,ACNC Registered Charities extract (data.gov.au),Community support organisation identified from the ACNC charity register extract.,No
Speld Foundation Of South Australia,Support Groups,Community,Dyslexia Support Organisation,"U 2 259 Glen Osmond Rd, Frewville, SA, 5063",Frewville,SA,5063,-34.9479853,138.6311935,To be added,http://www.speldsa.org.au,ACNC Registered Charities extract (data.gov.au),Community support organisation identified from the ACNC charity register extract.,Yes
Speld NSW Inc,Support Groups,Community,Dyslexia Support Organisation,"Suite 2, Level 1, Parramatta, NSW, 2150",Parramatta,NSW,2150,-33.8139843,151.0026660,To be added,http://www.speldnsw.org.au,ACNC Registered Charities extract (data.gov.au),Community support organisation identified from the ACNC charity register extract.,Yes
Speld Qld Inc.,Support Groups,Community,Dyslexia Support Organisation,"141 Merton Rd, Woolloongabba, QLD, 4102",Woolloongabba,QLD,4102,-27.4853896,153.0364488,To be added,https://www.speld.org.au,ACNC Registered Charities extract (data.gov.au),Community support organisation identified from the ACNC charity register extract.,Yes
Speld Sa Inc,Support Groups,Community,Dyslexia Support Organisation,"U 2 259 Glen Osmond Rd, Frewville, SA, 5063",Frewville,SA,5063,-34.9479853,138.6311935,To be added,http://www.speldsa.org.au,ACNC Registered Charities extract (data.gov.au),Community support organisation identified from the ACNC charity register extract.,Yes
Speld-Victoria Inc,Support Groups,Community,Dyslexia Support Organisation,"Unit 2, Level 1, Mt. Alexander Road, Essendon, VIC, 3040",Essendon,VIC,3040,-37.7498293,144.9109062,To be added,https://www.speldvic.org.au,ACNC Registered Charities extract (data.gov.au),Community support organisation identified from the ACNC charity register extract.,Yes
Square Pegs Dyslexia Support and Advocacy Inc,Support Groups,Community,Dyslexia Support Organisation,"2 Hargrave Pl, Mount Nelson, TAS, 7007",Mount Nelson,TAS,7007,-42.9247160,147.3263248,To be added,https://www.squarepegstas.org,ACNC Registered Charities extract (data.gov.au),Community support organisation identified from the ACNC charity register extract.,No
The Dyslexia Speld Foundation Wa Inc,Support Groups,Community,Dyslexia Support Organisation,"10 Broome St, South Perth, WA, 6151",South Perth,WA,6151,-31.9809661,115.8639433,To be added,https://www.dsf.net.au,ACNC Registered Charities extract (data.gov.au),Community support organisation identified from the ACNC charity register extract.,Yes
